{"loss": 0.0025634706125412954, "_timestamp": 1651672652, "_runtime": 694, "_step": 4499, "train_ade": 0.18404248893771785, "train_fde": 1.4723399115017428, "train_traj_l2_loss_abs": 0.06314367388077965, "train_traj_l2_loss_rel": 0.06314367388077965, "val_ade": 0.23030189037322998, "val_fde": 1.8424151229858399, "val_traj_l2_loss_abs": 0.12133291137218476, "val_traj_l2_loss_rel": 0.12133291137218476, "_wandb": {"runtime": 731}}