{"loss": 0.0020485655167485, "_timestamp": 1651650950, "_runtime": 975, "_step": 4499, "train_ade": 0.15579146579819333, "train_fde": 1.2463317263855467, "train_traj_l2_loss_abs": 0.04266690595342513, "train_traj_l2_loss_rel": 0.04266690595342513, "val_ade": 0.2499119108915329, "val_fde": 1.9992952871322631, "val_traj_l2_loss_abs": 0.16032257781922818, "val_traj_l2_loss_rel": 0.16032257781922818, "_wandb": {"runtime": 995}}