{"loss": 0.005037768579247158, "_timestamp": 1651658640, "_runtime": 242, "_step": 1071, "train_ade": 0.23287266167769602, "train_fde": 1.8629812934215682, "train_traj_l2_loss_abs": 0.11932788122435187, "train_traj_l2_loss_rel": 0.11932788122435187, "val_ade": 0.20964784479141235, "val_fde": 1.6771827583312988, "val_traj_l2_loss_abs": 0.11211963951587677, "val_traj_l2_loss_rel": 0.11211963951587677, "_wandb": {"runtime": 243}}