{"loss": 0.0052845381092416445, "_timestamp": 1651658187, "_runtime": 520, "_step": 2619, "train_ade": 0.22251746171078982, "train_fde": 1.7801396936863185, "train_traj_l2_loss_abs": 0.11236418041218846, "train_traj_l2_loss_rel": 0.11236418041218846, "val_ade": 0.20879886555671692, "val_fde": 1.6703909244537354, "val_traj_l2_loss_abs": 0.10564017874002457, "val_traj_l2_loss_rel": 0.10564017874002457}