{"loss": 0.005765495878621572, "_timestamp": 1651673142, "_runtime": 185, "_step": 1188, "train_ade": 0.2463967526381611, "train_fde": 1.9711740211052888, "train_traj_l2_loss_abs": 0.1239836500296576, "train_traj_l2_loss_rel": 0.1239836500296576, "val_ade": 0.2549283585548401, "val_fde": 2.0394268684387207, "val_traj_l2_loss_abs": 0.13130414080619812, "val_traj_l2_loss_rel": 0.13130414080619812}