{"D_data_loss": 0.9739938974380493, "_timestamp": 1647933880, "_runtime": 1220, "_step": 60837, "D_total_loss": 0.9739938974380493, "G_discriminator_loss": 0.6931471824645996, "G_total_loss": 1.0191900730133057, "ADE": 0.26015802327543497, "FDE": 0.41080188609659674, "_wandb": {"runtime": 1220}}