{"loss": 0.0009869330104088365, "_timestamp": 1651669102, "_runtime": 824, "_step": 4499, "train_ade": 0.13760291944346076, "train_fde": 1.100823355547686, "train_traj_l2_loss_abs": 0.030762468438731948, "train_traj_l2_loss_rel": 0.030762468438731948, "val_ade": 0.26410961723327636, "val_fde": 2.112876937866211, "val_traj_l2_loss_abs": 0.17525980401039123, "val_traj_l2_loss_rel": 0.17525980401039123, "_wandb": {"runtime": 861}}