{"loss": 0.0012357729932906607, "_timestamp": 1651667792, "_runtime": 945, "_step": 4499, "train_ade": 0.1459976212148031, "train_fde": 1.167980969718425, "train_traj_l2_loss_abs": 0.03927953481343315, "train_traj_l2_loss_rel": 0.03927953481343315, "val_ade": 0.268252149105072, "val_fde": 2.146017192840576, "val_traj_l2_loss_abs": 0.18905649602413177, "val_traj_l2_loss_rel": 0.18905649602413177, "_wandb": {"runtime": 980}}