{"loss": 0.004476564831991975, "_timestamp": 1651671087, "_runtime": 524, "_step": 3069, "train_ade": 0.1934696669981644, "train_fde": 1.5477573359853152, "train_traj_l2_loss_abs": 0.07708151828472977, "train_traj_l2_loss_rel": 0.07708151828472977, "val_ade": 0.2489894542694092, "val_fde": 1.9919156341552735, "val_traj_l2_loss_abs": 0.15775506633520125, "val_traj_l2_loss_rel": 0.15775506633520125}