{"loss": 0.001464280181630503, "_timestamp": 1651655584, "_runtime": 1483, "_step": 4499, "train_ade": 0.13538545503614474, "train_fde": 1.083083640289158, "train_traj_l2_loss_abs": 0.03397001117180538, "train_traj_l2_loss_rel": 0.03397001117180538, "val_ade": 0.23359766268730164, "val_fde": 1.8687813014984131, "val_traj_l2_loss_abs": 0.1907675521671772, "val_traj_l2_loss_rel": 0.1907675521671772, "_wandb": {"runtime": 1500}}