{"loss": 0.006995037777303923, "_timestamp": 1651671641, "_runtime": 63, "_step": 377, "train_ade": 0.3989180542171628, "train_fde": 3.1913444337373025, "train_traj_l2_loss_abs": 0.273274525857803, "train_traj_l2_loss_rel": 0.273274525857803, "val_ade": 0.2994330177307129, "val_fde": 2.395464141845703, "val_traj_l2_loss_abs": 0.14929295444488525, "val_traj_l2_loss_rel": 0.14929295444488525}