{"loss": 0.008749714285907586, "_timestamp": 1651669259, "_runtime": 86, "_step": 440, "train_ade": 0.3693518701884177, "train_fde": 2.9548149615073416, "train_traj_l2_loss_abs": 0.2921943878112807, "train_traj_l2_loss_rel": 0.2921943878112807, "val_ade": 0.3340877981185913, "val_fde": 2.6727023849487304, "val_traj_l2_loss_abs": 0.20661013793945313, "val_traj_l2_loss_rel": 0.20661013793945313}