{"loss": 0.0019046864685284474, "_timestamp": 1651660287, "_runtime": 961, "_step": 4499, "train_ade": 0.19006451633499435, "train_fde": 1.5205161306799548, "train_traj_l2_loss_abs": 0.05745374368243195, "train_traj_l2_loss_rel": 0.05745374368243195, "val_ade": 0.25630400657653807, "val_fde": 2.0504320526123045, "val_traj_l2_loss_abs": 0.15434596717357635, "val_traj_l2_loss_rel": 0.15434596717357635, "_wandb": {"runtime": 995}}