{"loss": 0.00158405209744901, "_timestamp": 1651657528, "_runtime": 1360, "_step": 4499, "train_ade": 0.15391502498326526, "train_fde": 1.231320199866122, "train_traj_l2_loss_abs": 0.04503357067361712, "train_traj_l2_loss_rel": 0.04503357067361712, "val_ade": 0.2092122950553894, "val_fde": 1.6736983604431153, "val_traj_l2_loss_abs": 0.11655168786644936, "val_traj_l2_loss_rel": 0.11655168786644936, "_wandb": {"runtime": 1378}}