{"loss": 0.0024803388259010163, "_timestamp": 1651670098, "_runtime": 818, "_step": 4499, "train_ade": 0.21690422361538853, "train_fde": 1.7352337889231082, "train_traj_l2_loss_abs": 0.08252522551077648, "train_traj_l2_loss_rel": 0.08252522551077648, "val_ade": 0.24738278913497924, "val_fde": 1.979062313079834, "val_traj_l2_loss_abs": 0.13639794367551802, "val_traj_l2_loss_rel": 0.13639794367551802, "_wandb": {"runtime": 856}}