{"loss": 0.003971530947970544, "_timestamp": 1651659266, "_runtime": 364, "_step": 1691, "train_ade": 0.24178019568852335, "train_fde": 1.9342415655081868, "train_traj_l2_loss_abs": 0.11261377730604549, "train_traj_l2_loss_rel": 0.11261377730604549, "val_ade": 0.2585957384109497, "val_fde": 2.0687659072875975, "val_traj_l2_loss_abs": 0.14540719383955003, "val_traj_l2_loss_rel": 0.14540719383955003}