{"loss": 0.0029116298135278035, "_timestamp": 1651652661, "_runtime": 1409, "_step": 4499, "train_ade": 0.16461884737432722, "train_fde": 1.3169507789946178, "train_traj_l2_loss_abs": 0.05441112607212489, "train_traj_l2_loss_rel": 0.05441112607212489, "val_ade": 0.22813823425769805, "val_fde": 1.8251058740615844, "val_traj_l2_loss_abs": 0.1611517596244812, "val_traj_l2_loss_rel": 0.1611517596244812, "_wandb": {"runtime": 1426}}