{"loss": 0.00386241662157018, "_timestamp": 1651671931, "_runtime": 257, "_step": 1633, "train_ade": 0.22042916370914936, "train_fde": 1.763433309673195, "train_traj_l2_loss_abs": 0.10100040932805983, "train_traj_l2_loss_rel": 0.10100040932805983, "val_ade": 0.23999532175064087, "val_fde": 1.919962574005127, "val_traj_l2_loss_abs": 0.10700676190853119, "val_traj_l2_loss_rel": 0.10700676190853119}