{"loss": 0.004109428375585718, "_timestamp": 1651654060, "_runtime": 457, "_step": 1367, "train_ade": 0.21200332749688677, "train_fde": 1.6960266199750942, "train_traj_l2_loss_abs": 0.08938781907734794, "train_traj_l2_loss_rel": 0.08938781907734794, "val_ade": 0.22539007019996643, "val_fde": 1.8031205615997314, "val_traj_l2_loss_abs": 0.13251018108427526, "val_traj_l2_loss_rel": 0.13251018108427526, "_wandb": {"runtime": 457}}