{"loss": 0.009017516910615895, "_timestamp": 1651653561, "_runtime": 454, "_step": 1412, "train_ade": 0.41456851940188466, "train_fde": 3.3165481552150773, "train_traj_l2_loss_abs": 0.35624261804136914, "train_traj_l2_loss_rel": 0.35624261804136914, "val_ade": 0.37196309280395506, "val_fde": 2.9757047424316405, "val_traj_l2_loss_abs": 0.28895667481422427, "val_traj_l2_loss_rel": 0.28895667481422427, "_wandb": {"runtime": 456}}