{"D_data_loss": 1.1241514682769775, "_timestamp": 1647935368, "_runtime": 1215, "_step": 60837, "D_total_loss": 1.1241514682769775, "G_discriminator_loss": 0.6931471824645996, "G_total_loss": 1.1330697536468506, "ADE": 0.43919090161720914, "FDE": 0.8266668459773063, "_wandb": {"runtime": 1216}}